{"mean":{"confidence_interval":{"confidence_level":0.95,"lower_bound":1110.6824088974954,"upper_bound":1113.5349825248477},"point_estimate":1112.11026912105,"standard_error":0.7299216917577308},"median":{"confidence_interval":{"confidence_level":0.95,"lower_bound":1109.0665024630541,"upper_bound":1113.8646157272433},"point_estimate":1110.9556571691176,"standard_error":1.2243526914622789},"median_abs_dev":{"confidence_interval":{"confidence_level":0.95,"lower_bound":5.921516061538939,"upper_bound":9.617529709764378},"point_estimate":7.998918102244074,"standard_error":0.9531449151254958},"slope":{"confidence_interval":{"confidence_level":0.95,"lower_bound":1108.8837258571584,"upper_bound":1113.0449538272635},"point_estimate":1110.9383151744812,"standard_error":1.0583923052650983},"std_dev":{"confidence_interval":{"confidence_level":0.95,"lower_bound":6.428720648955547,"upper_bound":8.220512033761434},"point_estimate":7.375015952881036,"standard_error":0.4566084546001451}}