{"mean":{"confidence_interval":{"confidence_level":0.95,"lower_bound":4.655161294848086,"upper_bound":4.721783721650038},"point_estimate":4.688464637406716,"standard_error":0.01701402859812719},"median":{"confidence_interval":{"confidence_level":0.95,"lower_bound":4.527606520740141,"upper_bound":4.829935985763175},"point_estimate":4.647023780651901,"standard_error":0.12936208822499112},"median_abs_dev":{"confidence_interval":{"confidence_level":0.95,"lower_bound":0.023142067362544167,"upper_bound":0.31642525321966314},"point_estimate":0.201938947436454,"standard_error":0.09016351624737956},"slope":{"confidence_interval":{"confidence_level":0.95,"lower_bound":4.669366765574987,"upper_bound":4.753579060768424},"point_estimate":4.712130009709755,"standard_error":0.021538057075264842},"std_dev":{"confidence_interval":{"confidence_level":0.95,"lower_bound":0.1605904501915993,"upper_bound":0.18095418416766718},"point_estimate":0.17100553685909686,"standard_error":0.0052129999573410765}}