{"mean":{"confidence_interval":{"confidence_level":0.95,"lower_bound":10.961457424777922,"upper_bound":11.135361132406695},"point_estimate":11.0483105063396,"standard_error":0.044192747407247476},"median":{"confidence_interval":{"confidence_level":0.95,"lower_bound":10.598672475826943,"upper_bound":11.493712476292146},"point_estimate":11.363244020378808,"standard_error":0.3651436550104617},"median_abs_dev":{"confidence_interval":{"confidence_level":0.95,"lower_bound":0.00754039172585262,"upper_bound":0.6663556502523889},"point_estimate":0.2373789549250909,"standard_error":0.15924663548612697},"slope":{"confidence_interval":{"confidence_level":0.95,"lower_bound":10.868874402759296,"upper_bound":11.09842384480689},"point_estimate":10.981944531676913,"standard_error":0.058543230149526206},"std_dev":{"confidence_interval":{"confidence_level":0.95,"lower_bound":0.4317752147698076,"upper_bound":0.44971239269947955},"point_estimate":0.44463400419433197,"standard_error":0.004581344356932688}}