{"mean":{"confidence_interval":{"confidence_level":0.95,"lower_bound":1351.1334828112276,"upper_bound":1356.036262338596},"point_estimate":1353.5732664054733,"standard_error":1.2517922339234568},"median":{"confidence_interval":{"confidence_level":0.95,"lower_bound":1349.4064845990772,"upper_bound":1357.0720340473426},"point_estimate":1351.854061782983,"standard_error":1.877218236349741},"median_abs_dev":{"confidence_interval":{"confidence_level":0.95,"lower_bound":11.305048558090006,"upper_bound":18.249784872056818},"point_estimate":15.52173450846941,"standard_error":1.7536357978023258},"slope":{"confidence_interval":{"confidence_level":0.95,"lower_bound":1351.3444067214464,"upper_bound":1358.0101611590435},"point_estimate":1354.75898890018,"standard_error":1.7082443841850536},"std_dev":{"confidence_interval":{"confidence_level":0.95,"lower_bound":11.2542917611857,"upper_bound":13.753529216233195},"point_estimate":12.59967399000116,"standard_error":0.637884675104805}}