{"mean":{"confidence_interval":{"confidence_level":0.95,"lower_bound":9.15975756132699,"upper_bound":9.276650283978697},"point_estimate":9.212324585100838,"standard_error":0.029885525467765555},"median":{"confidence_interval":{"confidence_level":0.95,"lower_bound":9.007544692759314,"upper_bound":9.362909407885795},"point_estimate":9.343854400955191,"standard_error":0.13902634234949626},"median_abs_dev":{"confidence_interval":{"confidence_level":0.95,"lower_bound":0.033683192966944,"upper_bound":0.41477735664565807},"point_estimate":0.345570930954722,"standard_error":0.10346728901028472},"slope":{"confidence_interval":{"confidence_level":0.95,"lower_bound":9.11149371279157,"upper_bound":9.26542236615456},"point_estimate":9.179323734090868,"standard_error":0.039557928653888366},"std_dev":{"confidence_interval":{"confidence_level":0.95,"lower_bound":0.18928482499925187,"upper_bound":0.43907255494162595},"point_estimate":0.30074776877986437,"standard_error":0.08121585282202623}}